text,label
head,en
few,en
ухо,ru
год,ru
one,en
день,ru
лежать,ru
день,ru
get,en
плыть,ru
parent,en
golf,en
find,en
than,en
тусклый,ru
вечер,ru
day,en
time,en
go,en
good,en
say,en
nlrkfq,ru_wrong
пасть,ru
different,en
надо,ru
ненавидеть,ru
надо,ru
по,ru
number,en
регги,ru
"'zhghbrkmj,",ru_wrong
there,en
лежать,ru
be,en
world,en
parent,en
короткий,ru
on,en
умный,ru
gmy'leb,ru_wrong
history,en
"rlb,ь",ru_wrong
стать,ru
[l;l'yl,ru_wrong
work,en
душа,ru
нельзя,ru
рот,ru
there,en
горячий,ru
in,en
this,en
next,en
but,en
рука,ru
find,en
him,en
прохладный,ru
раз,ru
what is up,en
some,en
"jh;ь,l",ru_wrong
зуб,ru
debug this,en
сильный,ru
молодой,ru
want,en
but,en
house,en
have,en
губа,ru
весь,ru
well,en
on,en
к,ru
feel,en
two,en
moment,en
city,en
надо,ru
from,en
office,en
game,en
язык программирования,ru
are,en
our,en
прохладный,ru
слышать,ru
head,en
ты,ru
our,en
весь,ru
take,en
big,en
сельдерей,ru
сидеть,ru
morning,en
father,en
оранжевый,ru
research,en
шляпа,ru
do,en
искусственный интеллект,ru
хтмл,ru
health,en
чёрный,ru
важно,ru
high,en
like,en
who,en
the,en
keyboard,en
".luh,fq",ru_wrong
лететь,ru
go,en
снег,ru
молодой,ru
day,en
its,en
есть,ru
ъ,ru
then,en
coffee,en
низкий,ru
know,en
чистый,ru
время,ru
медленный,ru
мобильное приложение,ru
день,ru
дом,ru
по,ru
great,en
старый,ru
мочь,ru
линукс,ru
give,en
с,ru
will,en
ягодка,ru
ekl';mgfq,ru_wrong
health,en
губа,ru
быть,ru
dog,en
искусственный,ru
свет,ru
even,en
kid,en
друг,ru
хотеть,ru
other,en
нельзя,ru
but,en
same,en
first,en
see,en
cloud,en
кровь,ru
think,en
tulip,en
он,ru
our,en
friend,en
понимать,ru
трусливый,ru
kid,en
ly,ru_wrong
злой,ru
well,en
car,en
уродливый,ru
bt.c,ru_wrong
слабый,ru
но,ru
able,en
дом,ru
business,en
хлеб,ru
great,en
сердце,ru
when,en
работа,ru
about,en
"nhkuhkm,rh",ru_wrong
ты,ru
others,en
which,en
пасть,ru
медленный,ru
h,ru_wrong
and,en
ехать,ru
говорить,ru
because,en
at,en
now,en
хотеть,ru
have,en
body,en
новый,ru
that,en
door,en
лайм,ru
это,ru
который,ru
because,en
должен,ru
good,en
год,ru
я в порядке,ru
синий,ru
молодой,ru
few,en
рот,ru
her,en
должен,ru
нос,ru
kxj,ru_wrong
result,en
of,en
день,ru
him,en
жарко,ru
синий,ru
think,en
code is poetry,en
be,en
волос,ru
come,en
"rl,lkfq",ru_wrong
bad,en
force,en
long,en
тёплый,ru
плохо,ru
свет,ru
young,en
молодой,ru
]l;r,ru_wrong
that,en
nor,en
ветер,ru
bl;ytvyl,ru_wrong
have,en
tomato,en
two,en
end,en
я,ru
важно,ru
early,en
some,en
ship,en
/.rh,ru_wrong
синий,ru
other,en
first,en
morning,en
kid,en
понимать,ru
ухо,ru
свет,ru
шарф,ru
прохладный,ru
снег,ru
лететь,ru
father,en
for,en
стоять,ru
next,en
big,en
go,en
early,en
jtktw,ru_wrong
lemon,en
do,en
most,en
feel,en
'lz';mgl,ru_wrong
know,en
klr,ru_wrong
есть,ru
сидеть,ru
make,en
это,ru
к,ru
health,en
bly,ru_wrong
out,en
with,en
good,en
which,en
call,en
new,en
короткий,ru
bad,en
человек,ru
city,en
это,ru
know,en
if,en
same,en
старый,ru
дом,ru
reason,en
get,en
use,en
море,ru
"'lb,ej",ru_wrong
old,en
any,en
by,en
then,en
белый,ru
call,en
now,en
no problem,en
parent,en
знать,ru
мёртвый,ru
and,en
fix the bug,en
kmb,ru_wrong
понимать,ru
help,en
яркий,ru
огонь,ru
глаз,ru
uniform,en
.t'yfq,ru_wrong
rap,en
ask,en
line,en
поскольку,ru
high,en
their,en
море,ru
about,en
бежать,ru
can,en
мокрый,ru
на,ru
early,en
море,ru
own,en
"bre,tk",ru_wrong
жизнь,ru
we,en
прохладный,ru
would,en
надо,ru
видеть,ru
as,en
idea,en
день,ru
мы,ru
then,en
business,en
вода,ru
огонь,ru
than,en
"e,rh",ru_wrong
земля,ru
other,en
видеть,ru
мозг,ru
can,en
email,en
a,en
look,en
because,en
bad,en
to,en
маленький,ru
user,en
ненавидеть,ru
or,en
like,en
автобус,ru
end,en
жёлтый,ru
but,en
пасть,ru
низкий,ru
hour,en
level,en
низкий,ru
able,en
";l,lb",ru_wrong
бархатцы,ru
светлый,ru
back,en
boots,en
gt;lbmjt',ru_wrong
what,en
нос,ru
губа,ru
лежать,ru
нос,ru
sorry about that,en
губа,ru
face,en
стоять,ru
"hg,lnh,mphwmc",ru_wrong
жёлтый,ru
go,en
learning,en
фиолетовый,ru
сердце,ru
папайя,ru
same,en
лететь,ru
губа,ru
end,en
their,en
door,en
горячий,ru
огонь,ru
ветер,ru
bird,en
also,en
"vmb,fq",ru_wrong
know,en
try,en
безопасность,ru
маракуйя,ru
feel,en
cryptocurrency,en
нога,ru
жёлтый,ru
веб,ru
ты,ru
all,en
so,en
when,en
user permissions,en
end,en
кость,ru
result,en
their,en
young,en
but,en
unless,en
system settings,en
next,en
him,en
умный,ru
а,ru
code,en
это,ru
all the best,en
мочь,ru
reason,en
инструмент отладки,ru
медведь,ru
стоять,ru
right,en
back,en
богатый,ru
сила,ru
so,en
than,en
автоматизация,ru
use,en
что,ru
ночь,ru
any,en
g;hzyl,ru_wrong
way,en
бежать,ru
rainy,en
a,en
he,en
хаус,ru
daisy,en
город,ru
let,en
door,en
all,en
team,en
маленький,ru
new,en
b;h.fq,ru_wrong
be,en
education,en
ты,ru
тело,ru
сервер для продакшена,ru
good luck,en
of,en
ask,en
then,en
health,en
солнце,ru
.lkь.h,ru_wrong
girl,en
bad,en
низкий,ru
плыть,ru
for,en
и,ru
jmwwh,ru_wrong
great,en
синий,ru
only,en
оранжевый,ru
криптовалюта,ru
снег,ru
любить,ru
what,en
out,en
jltp',ru_wrong
себя,ru
different,en
who,en
теннис,ru
ветрено,ru
your,en
думать,ru
рука,ru
год,ru
мозг,ru
на,ru
маленький,ru
its,en
но,ru
bad,en
сухой,ru
or,en
information,en
from,en
make,en
низкий,ru
живой,ru
name,en
use,en
пасть,ru
тело,ru
word,en
community,en
line,en
короткий,ru
they,en
на,ru
different,en
cabbage,en
говорить,ru
время,ru
level,en
father,en
war,en
нужно,ru
видеть,ru
time,en
boy,en
идти,ru
brhytk,ru_wrong
скутер,ru
body,en
game,en
смелый,ru
one,en
teacher,en
светлый,ru
game,en
среда разработки,ru
will,en
guy,en
фиолетовый,ru
принтер,ru
two,en
жизнь,ru
not,en
он,ru
слабый,ru
g,ru_wrong
вечер,ru
important,en
young,en
дом,ru
office,en
фиолетовый,ru
us,en
call,en
the,en
дорога,ru
information,en
плыть,ru
это,ru
you,en
стоять,ru
do,en
год,ru
keyboard layout,en
плохо,ru
we,en
смелый,ru
человек,ru
"gtk,l;ё,",ru_wrong
тёплый,ru
and,en
about,en
холодный,ru
bgёr;h,ru_wrong
way,en
смелый,ru
to,en
бедный,ru
сидеть,ru
гора,ru
want,en
that,en
friend,en
server,en
line,en
ask,en
медленный,ru
good,en
в,ru
у,ru
",f",ru_wrong
work,en
быстрый,ru
бокс,ru
of,en
teacher,en
к,ru
their,en
вода,ru
at,en
техно,ru
rice,en
kind,en
by,en
business,en
а,ru
klph,ru_wrong
address,en
сила,ru
весь,ru
язык,ru
жёлтый,ru
мокрый,ru
ask,en
;hjih,ru_wrong
helicopter,en
глаз,ru
own,en
оранжевый,ru
make,en
just,en
well,en
h'nmy,ru_wrong
"gt,tk",ru_wrong
business,en
кость,ru
поле,ru
they,en
мёртвый,ru
злой,ru
car,en
look,en
лететь,ru
же,ru
power,en
enyfq,ru_wrong
нога,ru
который,ru
я,ru
по,ru
she,en
same,en
same,en
утро,ru
face,en
come,en
pepper,en
холодный,ru
ночь,ru
ветер,ru
feel,en
дорога,ru
корабль,ru
go,en
teacher,en
cookie,en
not,en
мёртвый,ru
come,en
глаз,ru
or,en
need,en
look,en
my,en
small,en
own,en
с,ru
нужно,ru
small,en
long,en
take,en
give,en
новый,ru
поле,ru
try,en
whether,en
head,en
важно,ru
слышать,ru
face,en
яркий,ru
весь,ru
air,en
должен,ru
party,en
короткий,ru
джаваскрипт,ru
find,en
стать,ru
result,en
world,en
море,ru
белый,ru
good,en
тусклый,ru
different,en
зелёный,ru
bll.otymt,ru_wrong
information,en
большой,ru
чёрный,ru
лежать,ru
morning,en
белый,ru
only,en
number,en
жизнь,ru
name,en
умный,ru
result,en
metaverse,en
большой,ru
злой,ru
my,en
no,en
по,ru
our,en
добрый,ru
know,en
к,ru
city,en
работа,ru
city,en
this,en
others,en
for,en
надо,ru
morning,en
than,en
ветер,ru
old,en
"r;hgmh,ekh",ru_wrong
we,en
door,en
rlklgh,ru_wrong
what,en
one,en
feel,en
блокчейн,ru
говорить,ru
member,en
чтобы,ru
пасть,ru
on,en
к,ru
only,en
дыня,ru
message,en
плохо,ru
humid,en
можно,ru
клавиатура,ru
give,en
my,en
own,en
тело,ru
line,en
глаз,ru
know,en
солнце,ru
i,en
луна,ru
important,en
power,en
be,en
почта,ru
guy,en
party,en
хорошо,ru
game,en
little,en
'lkluh,ru_wrong
guy,en
from,en
гора,ru
гольф,ru
[heb,ru_wrong
нога,ru
говорить,ru
it,en
галстук,ru
nhkhreqc,ru_wrong
горячий,ru
тёплый,ru
in,en
level,en
жёлтый,ru
not,en
go,en
идти,ru
cool,en
public,en
friend,en
это,ru
"'ytgylq bgt,",ru_wrong
burger,en
and,en
by,en
time,en
this,en
кожа,ru
issue,en
issue,en
word,en
an,en
рука,ru
gl;r,ru_wrong
свет,ru
air,en
few,en
work,en
доброе утро,ru
will,en
us,en
b;evhq,ru_wrong
need,en
find,en
our,en
чёрный,ru
себя,ru
change,en
end,en
высокий,ru
research,en
джейсон,ru
жизнь,ru
on,en
be,en
;hghy'h,ru_wrong
good,en
just,en
кровь,ru
law,en
быстрый,ru
problem,en
it,en
as,en
jasmine,en
party,en
уродливый,ru
city,en
луна,ru
girl,en
больной,ru
idea,en
умный,ru
ylb,ru_wrong
уродливый,ru
girl,en
земля,ru
want,en
униформа,ru
по,ru
дождь,ru
"um,[h.",ru_wrong
great,en
issue,en
research,en
education,en
seem,en
e[l,ru_wrong
хорошо,ru
early,en
вечер,ru
or,en
и,ru
boy,en
мокрый,ru
also,en
душа,ru
есть,ru
so,en
first,en
kind,en
morning,en
get,en
старый,ru
by,en
ветер,ru
power,en
ё,ru
год,ru
бежать,ru
young,en
hour,en
others,en
even,en
сон,ru
last,en
boy,en
face,en
friend,en
life,en
кровь,ru
грязный,ru
ухо,ru
same,en
тусклый,ru
старый,ru
important,en
тёплый,ru
а,ru
штаны,ru
уже,ru
art,en
in,en
сильный,ru
this,en
утро,ru
вы,ru
and,en
на,ru
us,en
time,en
see,en
because,en
ноутбук,ru
такой,ru
думать,ru
рест,ru
get,en
boy,en
day,en
him,en
как,ru
думать,ru
небо,ru
"b;fih,ь",ru_wrong
красивый,ru
we,en
few,en
прохладный,ru
тёмный,ru
that is fine,en
high,en
с,ru
cpfr,ru_wrong
about,en
kind,en
power,en
",/;ьjhy",ru_wrong
пасть,ru
do,en
короткий,ru
autocorrect,en
come,en
body,en
солнце,ru
кость,ru
change,en
nhrlb,ru_wrong
быть,ru
сидеть,ru
it,en
что,ru
безопасность сети,ru
about,en
бедный,ru
мёртвый,ru
motorcycle,en
низкий,ru
saw,en
president,en
apple,en
small,en
them,en
кожа,ru
паста,ru
two,en
only,en
day,en
кожа,ru
house,en
луна,ru
пасть,ru
life,en
холодный,ru
large,en
мочь,ru
right,en
красный,ru
"l,;h'rh",ru_wrong
api,en
great,en
оранжевый,ru
out,en
мокрый,ru
others,en
its,en
дом,ru
ветер,ru
which,en
all,en
pgtp'h,ru_wrong
new,en
reason,en
number,en
for,en
звезда,ru
человек,ru
xml,en
word,en
"khpkh.l,rh",ru_wrong
dandelion,en
air,en
in,en
холодный,ru
subway,en
morning,en
no,en
go,en
two,en
their,en
kubernetes,en
art,en
him,en
ночь,ru
good,en
смелый,ru
she,en
синий,ru
тёмный,ru
мышь,ru
зуб,ru
капуста,ru
случай,ru
рубашка,ru
нога,ru
земля,ru
быстрый,ru
minute,en
new,en
с,ru
who,en
these,en
minute,en
who,en
hot,en
sunset,en
all,en
good,en
знать,ru
change,en
видеть,ru
which,en
boy,en
only,en
the,en
красный,ru
come,en
big,en
голова,ru
body,en
parent,en
law,en
"zё;,fq",ru_wrong
and,en
time,en
"khbbgt,",ru_wrong
друг,ru
good,en
kind,en
но,ru
beer,en
side,en
рука,ru
лететь,ru
tell,en
to,en
"rly,kl;ь",ru_wrong
what,en
kid,en
about,en
расти,ru
душа,ru
тёплый,ru
give,en
штормит,ru
bytzyl,ru_wrong
need,en
us,en
низкий,ru
или,ru
город,ru
some,en
nlkt,ru_wrong
she,en
chocolate,en
тусклый,ru
тёмный,ru
утро,ru
some,en
мы,ru
сухой,ru
see,en
"nl,lwmr;",ru_wrong
есть,ru
find,en
large,en
off,en
i,en
смелый,ru
would,en
сон,ru
для,ru
"kh.l,h",ru_wrong
car,en
пароль,ru
храбрый,ru
me,en
like,en
if,en
from,en
нельзя,ru
зелёный,ru
бежать,ru
hazy,en
мозг,ru
губа,ru
look,en
i,en
снег,ru
глупый,ru
новый,ru
them,en
would,en
dawn,en
think,en
как,ru
вечер,ru
фиолетовый,ru
красный,ru
умный,ru
that,en
а,ru
would,en
that,en
небо,ru
take,en
good,en
them,en
чистый,ru
грузовик,ru
быстрый,ru
city,en
свет,ru
голова,ru
вода,ru
world,en
ухо,ru
find,en
first,en
get,en
ухо,ru
up,en
земля,ru
.lrb,ru_wrong
снег,ru
мочь,ru
minute,en
be,en
знать,ru
know,en
want,en
"bhnl;ё,",ru_wrong
father,en
вечер,ru
be,en
рот,ru
his,en
after,en
подсолнух,ru
богатый,ru
reason,en
get,en
face,en
вода,ru
over,en
parent,en
car,en
into,en
not,en
how,en
year,en
evening,en
плыть,ru
телефон,ru
while,en
мочь,ru
gmiyc,ru_wrong
research,en
злой,ru
other,en
other,en
быть,ru
face,en
tell,en
ylgfq,ru_wrong
go,en
go,en
it,en
my,en
голова,ru
minute,en
party,en
есть,ru
душа,ru
little,en
information,en
дорога,ru
power,en
чёрный,ru
но,ru
.t;fq,ru_wrong
come,en
cow,en
cat,en
ненавидеть,ru
own,en
think,en
bl;ywt,ru_wrong
give,en
because,en
медленный,ru
красный,ru
быстрый,ru
at,en
рот,ru
рассвет,ru
красный,ru
just,en
night,en
other,en
кубернетес,ru
guy,en
[mj[lj,ru_wrong
плыть,ru
give,en
день,ru
he,en
на,ru
rlkh.;ь,ru_wrong
надо,ru
up,en
even,en
ненавидеть,ru
small,en
what,en
car,en
новый,ru
шоколад,ru
how,en
hour,en
яркий,ru
волос,ru
мёртвый,ru
first,en
house,en
look,en
give,en
не,ru
глупый,ru
young,en
nt'gt'ь,ru_wrong
не,ru
светлый,ru
рыба,ru
трусливый,ru
go,en
голова,ru
мы,ru
оранжевый,ru
зелёный,ru
глупый,ru
use,en
бедный,ru
he,en
or,en
живой,ru
member,en
"bgt,",ru_wrong
old,en
but,en
different,en
people,en
город,ru
сухой,ru
"bm't,ь",ru_wrong
law,en
вечер,ru
use,en
them,en
увидимся позже,ru
yhkwmbb,ru_wrong
о,ru
руби,ru
say,en
любить,ru
поезд,ru
git,en
service,en
живой,ru
these,en
джава,ru
поле,ru
сон,ru
делать,ru
гора,ru
свет,ru
большой,ru
это правильно,ru
way,en
go,en
feel,en
over,en
they,en
like,en
можно,ru
вода,ru
kf.h,ru_wrong
think,en
небо,ru
history,en
most,en
door,en
прыжки,ru
yes,en
ihk],ru_wrong
живой,ru
спать,ru
бежать,ru
person,en
rkl;mr,ru_wrong
after,en
сердце,ru
смелый,ru
пить,ru
говорить,ru
вы,ru
pt;ёyfq,ru_wrong
чистый,ru
ambient,en
сила,ru
take care,en
ухо,ru
two,en
big,en
go,en
jlj,ru_wrong
спать,ru
yh,ru_wrong
пхп,ru
жизнь,ru
нос,ru
good,en
only,en
они,ru
прохладный,ru
jtkbmr,ru_wrong
until,en
for,en
важно,ru
",ьnh",ru_wrong
собака,ru
level,en
want,en
lotus,en
they,en
line,en
сапоги,ru
even,en
next,en
случай,ru
nl.m;h,ru_wrong
few,en
kerh,ru_wrong
new,en
добрый,ru
than,en
случай,ru
we,en
.l;ьilq,ru_wrong
умный,ru
злой,ru
think,en
juice,en
large,en
even,en
мокрый,ru
of,en
высокий,ru
"phrh,",ru_wrong
kind,en
nlvь,ru_wrong
be[l,ru_wrong
my,en
уродливый,ru
there,en
сидеть,ru
its,en
душа,ru
дом,ru
кожа,ru
give,en
work,en
сидеть,ru
кофе,ru
end,en
здоровый,ru
he,en
звезда,ru
солнце,ru
весь,ru
there,en
старый,ru
me,en
спать,ru
рука,ru
large,en
сон,ru
of,en
стоять,ru
длинный,ru
go,en
the,en
не,ru
say,en
ухо,ru
мёртвый,ru
feel,en
his,en
when,en
так,ru
",tb,",ru_wrong
see,en
трусливый,ru
take,en
операционная система,ru
светлый,ru
стать,ru
они,ru
можно,ru
медленный,ru
вы,ru
свет,ru
idea,en
car,en
say,en
number,en
лежать,ru
он,ru
гуава,ru
богатый,ru
снег,ru
and,en
снежно,ru
word,en
name,en
word,en
живой,ru
house,en
early,en
give,en
year,en
красивый,ru
туфли,ru
which,en
look,en
problem,en
could,en
луна,ru
"rly,hr,",ru_wrong
know,en
first,en
dancing,en
but,en
маленький,ru
"my,t;;tr,",ru_wrong
"phrh,",ru_wrong
boy,en
able,en
дорога,ru
see,en
this,en
how,en
that,en
teacher,en
even,en
office,en
or,en
мокрый,ru
"jtkvh,rm",ru_wrong
public,en
нарцисс,ru
"ytqklbt,ь",ru_wrong
тест,ru
early,en
member,en
give,en
door,en
good,en
здоровый,ru
need,en
мочь,ru
two,en
оранжевый,ru
other,en
on,en
swimming,en
up,en
фиолетовый,ru
грязный,ru
first,en
синий,ru
problem,en
можно,ru
к,ru
должен,ru
two,en
member,en
go,en
весь,ru
try,en
name,en
молодой,ru
come,en
бежать,ru
море,ru
our,en
уродливый,ru
плыть,ru
день,ru
blues,en
гора,ru
можно,ru
their,en
он,ru
person,en
вы,ru
on,en
bentkrm,ru_wrong
"bt,ь",ru_wrong
он,ru
'zhgh,ru_wrong
дождь,ru
back,en
after,en
fish,en
jtvtyьt,ru_wrong
"khbbgt,",ru_wrong
короткий,ru
лапша,ru
education,en
office,en
people,en
vt;lgtr,ru_wrong
its,en
ненавидеть,ru
с,ru
лимон,ru
teacher,en
if,en
снег,ru
then,en
other,en
these,en
know,en
пить,ru
head,en
добрый,ru
idea,en
gmylukh',ru_wrong
ли,ru
know,en
молодой,ru
house,en
in,en
could,en
new,en
программа,ru
тьма,ru
здоровый,ru
want,en
office,en
help,en
в,ru
он,ru
business,en
because,en
jacket,en
yluh,ru_wrong
health,en
любить,ru
хотеть,ru
let me know,en
moonlight,en
party,en
parent,en
зелёный,ru
a,en
up,en
к,ru
excuse me,en
young,en
расти,ru
know,en
ghzyl,ru_wrong
я,ru
"y],",ru_wrong
идти,ru
.;/p,ru_wrong
сила,ru
debug,en
видеть,ru
war,en
last,en
новый,ru
electronic,en
how,en
want,en
уродливый,ru
jtymt,ru_wrong
"[l,t,ь",ru_wrong
broccoli,en
рот,ru
между,ru
мёртвый,ru
service,en
other,en
короткий,ru
он,ru
gl'h,ru_wrong
guy,en
низкий,ru
out,en
светлый,ru
horse,en
нужно,ru
me,en
jmgl,ru_wrong
губа,ru
кровь,ru
seem,en
look,en
фреймворк тестирования,ru
public,en
over,en
высокий,ru
случай,ru
не,ru
our,en
our,en
уродливый,ru
жизнь,ru
дождь,ru
she,en
все хорошо,ru
человек,ru
что,ru
way,en
use,en
дом,ru
software,en
research,en
красный,ru
see,en
мочь,ru
хотеть,ru
нужно,ru
делать,ru
law,en
горячий,ru
way,en
уродливый,ru
хорошо,ru
голова,ru
rose,en
world,en
world,en
свинья,ru
морковь,ru
бежать,ru
менее,ru
they,en
банан,ru
game,en
me,en
high,en
last,en
фиолетовый,ru
history,en
level,en
понимать,ru
he,en
my,en
быстрый,ru
сон,ru
feel,en
луна,ru
jkl[;h'yl,ru_wrong
girl,en
тело,ru
год,ru
уродливый,ru
база данных,ru
my,en
электроника,ru
кожа,ru
pineapple,en
'l.kfq,ru_wrong
юбка,ru
лететь,ru
плыть,ru
но,ru
have,en
only,en
force,en
kind,en
это,ru
most,en
tennis,en
красный,ru
что,ru
звезда,ru
орхидея,ru
сильный,ru
надо,ru
same,en
огонь,ru
call,en
year,en
это,ru
over,en
город,ru
any,en
волос,ru
by,en
because,en
in,en
small,en
красивый,ru
богатый,ru
кожа,ru
belt,en
персик,ru
с,ru
сумерки,ru
;er,ru_wrong
problem,en
its,en
сухой,ru
lulyь,ru_wrong
rabbit,en
time,en
бедный,ru
first,en
тёмный,ru
name,en
сила,ru
делать,ru
молодой,ru
only,en
new,en
all,en
короткий,ru
человек,ru
has,en
l'eghyvmr,ru_wrong
гора,ru
снег,ru
бежать,ru
train,en
its,en
could,en
any,en
by,en
огонь,ru
мир,ru
good morning,en
язык,ru
весь,ru
house,en
back,en
and,en
back,en
side,en
out,en
great,en
want,en
time,en
мы,ru
well,en
right,en
стать,ru
do,en
себя,ru
небо,ru
come,en
я,ru
leave,en
all,en
in,en
сухой,ru
automation,en
github,en
well,en
who,en
way,en
утро,ru
an,en
with,en
him,en
красный,ru
новый,ru
even,en
туманно,ru
work,en
можно,ru
these,en
горячий,ru
солнце,ru
сердце,ru
высокий,ru
wifi,en
"rhy,km",ru_wrong
from,en
long,en
reason,en
чистый,ru
other,en
who,en
яркий,ru
дом,ru
back,en
глупый,ru
able,en
курица,ru
business,en
public,en
слышать,ru
side,en
life,en
жизнь,ru
храбрый,ru
полночь,ru
party,en
he,en
back,en
life,en
блюз,ru
teacher,en
гитхаб,ru
banana,en
this,en
know,en
then,en
life,en
ktuum,ru_wrong
прохладный,ru
can,en
war,en
лицо,ru
large,en
use,en
say,en
ветер,ru
office,en
daffodil,en
есть,ru
it,en
come,en
yt,ru_wrong
зачем,ru
вечер,ru
side,en
ревью кода,ru
from,en
name,en
храбрый,ru
law,en
в,ru
word,en
слышать,ru
"j;h,ьt",ru_wrong
луна,ru
can,en
добрый,ru
вечер,ru
no,en
день,ru
bad,en
what,en
coat,en
work,en
blr,ru_wrong
блютус,ru
community,en
your,en
старый,ru
"i,hyf",ru_wrong
person,en
like,en
us,en
идти,ru
get,en
important,en
say,en
these,en
word,en
boy,en
time,en
some,en
".;/,eb",ru_wrong
new,en
important,en
education,en
when,en
community,en
высокий,ru
day,en
сила,ru
will,en
help,en
контроль,ru
but,en
take,en
service,en
other,en
корова,ru
moment,en
думать,ru
ночь,ru
back,en
which,en
young,en
come,en
feel,en
as,en
public,en
случай,ru
надо,ru
eym]lknh,ru_wrong
where,en
rlrlb,ru_wrong
look,en
голова,ru
плыть,ru
"nlym,lk",ru_wrong
want,en
different,en
problem,en
здоровый,ru
город,ru
и,ru
yl,ru_wrong
right,en
us,en
boy,en
great,en
if,en
which,en
have,en
поп,ru
солнце,ru
team,en
at,en
daylight,en
internet,en
губа,ru
issue,en
but,en
little,en
than,en
мёртвый,ru
gl'h,ru_wrong
вы,ru
сильный,ru
волос,ru
that,en
make,en
air,en
нужно,ru
платье,ru
thank you,en
есть,ru
видеть,ru
own,en
hour,en
result,en
голова,ru
спать,ru
;m;mc,ru_wrong
the,en
time,en
гимнастика,ru
some,en
сильный,ru
spinach,en
problem,en
big,en
яркий,ru
community,en
most,en
ночь,ru
my,en
друг,ru
community,en
house,en
when,en
кровь,ru
others,en
you,en
world,en
холодный,ru
gf,ru_wrong
медленный,ru
at,en
any,en
тюльпан,ru
java,en
right,en
зелёный,ru
parent,en
кролик,ru
seem,en
breezy,en
education,en
длинный,ru
случай,ru
do,en
думать,ru
сон,ru
it,en
"rhjeb,h",ru_wrong
than,en
ylbrm,ru_wrong
try,en
"nt,kl",ru_wrong
level,en
луна,ru
look,en
need,en
весь,ru
больной,ru
горячий,ru
дорога,ru
либо,ru
думать,ru
plane,en
земля,ru
same,en
пасть,ru
these,en
level,en
feel,en
high,en
bm;ьyfq,ru_wrong
information,en
president,en
длинный,ru
лицо,ru
shirt,en
for,en
car,en
or,en
then,en
health,en
молодой,ru
рука,ru
member,en
интеллект,ru
darkness,en
see,en
make,en
lgwh,ru_wrong
could,en
они,ru
world,en
l;tyь,ru_wrong
",hrbm",ru_wrong
would,en
of,en
whom,en
ю,ru
face,en
плохо,ru
snowy,en
красивый,ru
come,en
able,en
впрочем,ru
слабый,ru
how are you,en
тут,ru
живой,ru
злой,ru
find,en
result,en
грязный,ru
education,en
than,en
force,en
вот,ru
so,en
ехать,ru
will,en
number,en
need,en
рот,ru
лежать,ru
have,en
синий,ru
father,en
видеть,ru
contact,en
мозг,ru
people,en
no,en
зуб,ru
пасть,ru
информационные технологии,ru
ветер,ru
linux,en
"re.tkyt,tb",ru_wrong
not,en
need,en
'ztqbly,ru_wrong
плохо,ru
надо,ru
время,ru
ночь,ru
что,ru
а,ru
so,en
other,en
а,ru
air,en
out,en
see,en
синий,ru
boy,en
history,en
access,en
чёрный,ru
мочь,ru
лотос,ru
give,en
слабый,ru
parent,en
he,en
soccer,en
случай,ru
расти,ru
force,en
but,en
morning,en
come,en
волос,ru
кошка,ru
hjt;ьbmy,ru_wrong
белый,ru
teacher,en
use,en
person,en
ночь,ru
how,en
back,en
весь,ru
him,en
would,en
need,en
take,en
любить,ru
трусливый,ru
friend,en
right,en
",lnh,",ru_wrong
год,ru
лицо,ru
душа,ru
мы,ru
after,en
лететь,ru
быть,ru
тело,ru
a,en
new,en
deer,en
оранжевый,ru
богатый,ru
my,en
"ytyhgm't,ь",ru_wrong
force,en
long,en
her,en
only,en
бедный,ru
give,en
team,en
лилия,ru
minute,en
стать,ru
оранжевый,ru
идти,ru
education,en
seem,en
больной,ru
кровь,ru
ремень,ru
время,ru
который,ru
ukeplgmr,ru_wrong
и,ru
back,en
лицо,ru
come,en
стоять,ru
house,en
мотоцикл,ru
come,en
влажно,ru
teacher,en
up,en
когда,ru
жёлтый,ru
машина,ru
язык,ru
доступ,ru
try,en
xrbxnx;ь,ru_wrong
красный,ru
young,en
молодой,ru
old,en
на,ru
земля,ru
head,en
он,ru
чистый,ru
put,en
nft,en
want,en
делать,ru
зуб,ru
а,ru
тёмный,ru
try,en
think,en
метавсел,ru
he,en
public,en
midnight,en
moment,en
people,en
храбрый,ru
кость,ru
солнце,ru
their,en
may,en
фиолетовый,ru
morning,en
гит,ru
";t,t,ь",ru_wrong
должен,ru
other,en
the,en
see,en
even,en
важно,ru
member,en
house,en
to,en
что,ru
время,ru
делать,ru
most,en
see,en
little,en
service,en
белый,ru
she,en
"gm't,ь",ru_wrong
рука,ru
city,en
father,en
who,en
she,en
world,en
мангостин,ru
to,en
service,en
тело,ru
people,en
jm'zhr,ru_wrong
game,en
seem,en
большой,ru
облако,ru
team,en
only,en
лежать,ru
глаз,ru
больной,ru
хотеть,ru
ветер,ru
душа,ru
рука,ru
classical,en
сидеть,ru
member,en
new,en
белый,ru
jkfzrm,ru_wrong
by,en
father,en
can,en
come,en
",enhyyl",ru_wrong
tell,en
жасмин,ru
стоять,ru
other,en
море,ru
father,en
тёплый,ru
issue,en
get,en
education,en
minute,en
call,en
moment,en
right,en
весь,ru
from,en
a,en
знать,ru
after,en
зелёный,ru
power,en
know,en
хотеть,ru
чай,ru
нужно,ru
test,en
think,en
a,en
issue,en
слышать,ru
best wishes,en
than,en
chicken,en
the,en
could,en
wolf,en
use,en
зуб,ru
at,en
different,en
find,en
seem,en
я,ru
did,en
хотеть,ru
должен,ru
добрый,ru
also,en
живой,ru
they,en
small,en
чёрный,ru
same here,en
jklukhnnh,ru_wrong
line,en
tea,en
утро,ru
горячий,ru
ylvь,ru_wrong
get,en
рука,ru
"jl;ьplgh,t;ь",ru_wrong
тёмный,ru
uehgh,ru_wrong
u;hp,ru_wrong
because,en
over,en
her,en
высокий,ru
small,en
холодный,ru
will,en
into,en
kid,en
most,en
"pyh,ь",ru_wrong
last,en
дорога,ru
добрый,ru
have,en
want,en
не,ru
make,en
добрый,ru
стоять,ru
your,en
day,en
machine,en
"rly]m'tywmh;ьylb,ь",ru_wrong
nhyul,ru_wrong
have a nice day,en
ты,ru
use,en
other,en
research,en
long,en
не,ru
глупый,ru
хотеть,ru
whichever,en
member,en
город,ru
door,en
law,en
president,en
young,en
information,en
him,en
хотеть,ru
здоровый,ru
я,ru
this,en
one,en
girl,en
вертолёт,ru
all,en
want,en
jumping,en
bad,en
луна,ru
",tyymb",ru_wrong
first,en
живой,ru
kid,en
коль,ru
know,en
team,en
house,en
house,en
no,en
облачно,ru
[l;l'yfq,ru_wrong
well,en
soda,en
небо,ru
information,en
side,en
now,en
медленный,ru
give,en
they,en
change,en
like,en
these,en
reason,en
air,en
мобила,ru
leave,en
house,en
бы,ru
светлый,ru
just,en
about,en
them,en
пользовательский опыт,ru
tell,en
work,en
высокий,ru
говорить,ru
волос,ru
try,en
or,en
pig,en
not,en
;lumy,ru_wrong
что,ru
а,ru
some,en
лежать,ru
make,en
сок,ru
know,en
year,en
тусклый,ru
person,en
новый,ru
house,en
like,en
at,en
from,en
солнечно,ru
level,en
bl;ywt,ru_wrong
help,en
time,en
ask,en
слабый,ru
an,en
by,en
утро,ru
sunflower,en
try,en
"]e,.l;",ru_wrong
нос,ru
like,en
'lz'ь,ru_wrong
который,ru
такси,ru
.l;ьylq,ru_wrong
history,en
back,en
и,ru
rkhbmgfq,ru_wrong
party,en
if,en
think,en
war,en
big,en
кость,ru
with,en
который,ru
one,en
reason,en
go,en
law,en
ты,ru
make,en
kind,en
look,en
дом,ru
garlic,en
gtvtk,ru_wrong
зуб,ru
хотеть,ru
по,ru
will,en
problem,en
by,en
а,ru
сила,ru
education,en
think,en
быть,ru
одуванчик,ru
minute,en
go,en
жизнь,ru
bgmyьc,ru_wrong
"bjh,ь",ru_wrong
because,en
адрес,ru
яркий,ru
person,en
day,en
they,en
и,ru
поэтому,ru
service,en
мочь,ru
good evening,en
good,en
nf,ru_wrong
even,en
hour,en
for,en
moment,en
ехать,ru
for,en
line,en
короткий,ru
себя,ru
.hph 'hyyf[,ru_wrong
socks,en
видеть,ru
high,en
и,ru
монитор,ru
будто,ru
could,en
zmglq,ru_wrong
body,en
дождь,ru
good,en
city,en
body,en
scooter,en
service,en
прохладный,ru
свет,ru
other,en
with,en
стать,ru
хотеть,ru
хотеть,ru
be careful,en
два,ru
dress,en
their,en
his,en
ukcpyfq,ru_wrong
гора,ru
мокрый,ru
come,en
mobile,en
айос,ru
not,en
тёплый,ru
twilight,en
день,ru
стоять,ru
но,ru
on,en
злой,ru
work,en
человек,ru
больной,ru
number,en
кровь,ru
нельзя,ru
out,en
работа,ru
as,en
leave,en
ухо,ru
papaya,en
жизнь,ru
работа,ru
свифт,ru
office,en
стать,ru
бедный,ru
most,en
who,en
можно,ru
first,en
что,ru
first,en
it,en
свет,ru
not,en
find,en
sushi,en
тусклый,ru
тело,ru
security,en
жёлтый,ru
him,en
then,en
high,en
тёмный,ru
ветер,ru
long,en
force,en
find,en
пользовательский интерфейс,ru
high,en
law,en
молодой,ru
i,en
ты,ru
your,en
with,en
other,en
do,en
seem,en
ехать,ru
feel,en
go,en
law,en
быть,ru
blockchain,en
different,en
if,en
рот,ru
вода,ru
кость,ru
тёмный,ru
злой,ru
first,en
ехать,ru
me,en
время,ru
folk,en
мочь,ru
result,en
контроль версий,ru
человек,ru
плавание,ru
into,en
бургер,ru
старый,ru
мочь,ru
m,ru_wrong
они,ru
use,en
здоровый,ru
like,en
work,en
больной,ru
friend,en
who,en
волос,ru
человек,ru
them,en
different,en
вы,ru
лицо,ru
get,en
team,en
you,en
небо,ru
can,en
know,en
nlzyl,ru_wrong
я,ru
тёмный,ru
иначе,ru
горячий,ru
хорошего дня,ru
убер,ru
храбрый,ru
work,en
вода,ru
"x;tr,klymrh",ru_wrong
вы,ru
больной,ru
up,en
знать,ru
манго,ru
able,en
melon,en
us,en
now,en
мы,ru
intelligence,en
friend,en
as,en
when,en
see,en
you are welcome,en
well,en
lk[m'tc,ru_wrong
белый,ru
звезда,ru
see,en
мочь,ru
good,en
look,en
душа,ru
go,en
old,en
в,ru
светлый,ru
find,en
расти,ru
big,en
house,en
душа,ru
нужно,ru
не,ru
горячий,ru
try,en
"xn.mty,",ru_wrong
[;t.,ru_wrong
girl,en
look,en
тело,ru
two,en
смелый,ru
just,en
new,en
back,en
язык,ru
up,en
jl;ylvь,ru_wrong
"ktb,",ru_wrong
yet,en
"rkmj,lgh;/,h",ru_wrong
делать,ru
чёрный,ru
pants,en
few,en
умный,ru
низкий,ru
друг,ru
yh'l,ru_wrong
огонь,ru
face,en
год,ru
also,en
moment,en
this,en
all,en
мокрый,ru
пить,ru
город,ru
"gt,ktyl",ru_wrong
make,en
call,en
извини пожалуйста,ru
хотя,ru
small,en
быть,ru
ulkh,ru_wrong
веб разработка,ru
наш,ru
волос,ru
грязный,ru
сухой,ru
community,en
door,en
рэп,ru
bad,en
lym,ru_wrong
city,en
use,en
оранжевый,ru
than,en
волейбол,ru
her,en
able,en
глаз,ru
любить,ru
фиолетовый,ru
kid,en
now,en
он,ru
медленный,ru
grape,en
зелёный,ru
up,en
look,en
"bgt,;fq",ru_wrong
спать,ru
нога,ru
morning,en
get,en
we,en
себя,ru
r;hbbmrh,ru_wrong
ежели,ru
есть,ru
"mbrebb,gtyyfq",ru_wrong
земля,ru
about,en
so,en
first,en
луна,ru
как всегда,ru
find,en
you,en
ветрено,ru
есть,ru
to,en
hour,en
",t;l",ru_wrong
что,ru
контакт,ru
car,en
way,en
;eyh,ru_wrong
this,en
сидеть,ru
'zhp,ru_wrong
светлый,ru
ue.h,ru_wrong
fox,en
высокий,ru
"rlnjь/,tk",ru_wrong
хотеть,ru
r,ru_wrong
her,en
bmymq,ru_wrong
hglrh'l,ru_wrong
make,en
раст,ru
дождь,ru
"b,hkfq",ru_wrong
красивый,ru
day,en
parent,en
call,en
глупый,ru
пить,ru
он,ru
team,en
my,en
me,en
go,en
nhimyh,ru_wrong
"rhk,l]t;ь",ru_wrong
синий,ru
result,en
others,en
city,en
work,en
right,en
плохо,ru
out,en
спать,ru
мокрый,ru
public,en
art,en
перчатки,ru
рука,ru
uber,en
солнце,ru
i,en
body,en
new,en
холодный,ru
яркий,ru
дождь,ru
life,en
рука,ru
morning,en
have,en
him,en
then,en
girl,en
any,en
хоть,ru
лицо,ru
пасть,ru
"]ml;t,lgfq",ru_wrong
next,en
живой,ru
не,ru
next,en
храбрый,ru
бег,ru
хотя,ru
van,en
пить,ru
person,en
any,en
bt;ь'tktq,ru_wrong
party,en
right,en
able,en
мы,ru
ехать,ru
дом,ru
птица,ru
some,en
рука,ru
i,en
kind,en
губа,ru
тусклый,ru
new,en
bluetooth,en
the,en
then,en
word,en
мозг,ru
яхта,ru
огонь,ru
btk'wt,ru_wrong
думать,ru
to,en
even,en
который,ru
idea,en
плохо,ru
vtbylr,ru_wrong
people,en
privacy,en
little,en
party,en
горячий,ru
also,en
hour,en
long,en
history,en
them,en
видеть,ru
next,en
луна,ru
большое спасибо,ru
know,en
before,en
дождь,ru
his,en
свет,ru
you,en
into,en
want,en
line,en
тело,ru
права,ru
ненавидеть,ru
земля,ru
новый,ru
only,en
плыть,ru
вода,ru
pop,en
делать,ru
swift,en
do,en
ты,ru
ночь,ru
с,ru
from,en
мы,ru
bad,en
if,en
permission,en
old,en
слабый,ru
ruby,en
короткий,ru
rklgь,ru_wrong
"jm,ь",ru_wrong
life,en
gtvtk,ru_wrong
вода,ru
грязный,ru
our,en
find,en
низкий,ru
интернет,ru
чистый,ru
change,en
"jm,ly",ru_wrong
say,en
нос,ru
windows,en
дождь,ru
json,en
minute,en
yezyl,ru_wrong
то,ru
be,en
to,en
маленький,ru
than,en
could,en
оранжевый,ru
look,en
мочь,ru
кость,ru
компьютер,ru
понимать,ru
нога,ru
себя,ru
гора,ru
us,en
business,en
gl;lb,ru_wrong
new,en
год,ru
moment,en
c,ru_wrong
но,ru
большой,ru
это,ru
"umnyhb,mrh",ru_wrong
ненавидеть,ru
рука,ru
nlkrlgь,ru_wrong
do,en
жёлтый,ru
last,en
time,en
мокро,ru
their,en
one,en
work,en
minute,en
leave,en
молодой,ru
most,en
а,ru
вечер,ru
день,ru
we,en
able,en
jhjhqc,ru_wrong
other,en
long,en
"khb,",ru_wrong
солнце,ru
password,en
little,en
of,en
и,ru
газировка,ru
зелёный,ru
грязный,ru
я,ru
would,en
докер,ru
access control,en
ulkl',ru_wrong
hour,en
кровь,ru
i,en
сон,ru
по,ru
кантри,ru
расти,ru
"jkmy,tk",ru_wrong
the,en
мочь,ru
android,en
синий,ru
these,en
war,en
кожа,ru
понимать,ru
make,en
his,en
about,en
people,en
раз,ru
bad,en
and,en
use,en
э,ru
just,en
business,en
лететь,ru
борьба,ru
it,en
глупый,ru
will,en
"my,tkyt,",ru_wrong
javascript,en
старый,ru
умный,ru
need,en
пасть,ru
side,en
old,en
мочь,ru
работа,ru
also,en
after,en
бедный,ru
горячий,ru
over,en
быть,ru
умный,ru
олень,ru
робот,ru
слабый,ru
look,en
длинный,ru
others,en
back,en
с,ru
had,en
it,en
гора,ru
ночь,ru
видеть,ru
guy,en
l.evtymt,ru_wrong
good,en
at,en
important,en
i am good,en
big,en
nlrkl,ru_wrong
"jhb,h",ru_wrong
мочь,ru
в,ru
огонь,ru
поле,ru
game,en
сон,ru
leave,en
в,ru
к,ru
звезда,ru
be,en
сухой,ru
сердце,ru
здоровый,ru
нос,ru
about,en
лицо,ru
want,en
community,en
нос,ru
good,en
do,en
думать,ru
but,en
gtbь,ru_wrong
белый,ru
зелёный,ru
out,en
утро,ru
small,en
слышать,ru
зуб,ru
красивый,ru
спать,ru
короткий,ru
быть,ru
"nt,hgbt;",ru_wrong
want,en
к,ru
небо,ru
new,en
have,en
force,en
give,en
was,en
код,ru
ничего особенного,ru
would,en
about,en
small,en
old,en
how,en
us,en
прохладный,ru
large,en
jl'bl;ye[,ru_wrong
'lrtk,ru_wrong
делать,ru
старый,ru
kiwi,en
do,en
"gt,ktyl",ru_wrong
работа,ru
air,en
а,ru
лежать,ru
want,en
;mbh,ru_wrong
виноград,ru
друг,ru
жизнь,ru
back,en
красный,ru
she,en
young,en
house,en
непрерывная интеграция,ru
back,en
красный,ru
поле,ru
word,en
ночь,ru
слышать,ru
war,en
ul;ь],ru_wrong
.tu,ru_wrong
и,ru
ночь,ru
say,en
these,en
на,ru
на,ru
people,en
public,en
moment,en
go,en
а,ru
свет,ru
marigold,en
прохладный,ru
овца,ru
side,en
сканер,ru
то,ru
важно,ru
them,en
день,ru
art,en
now,en
кость,ru
баскетбол,ru
now,en
слабый,ru
хорошо,ru
network,en
party,en
фолк,ru
high,en
машинное обучение,ru
большой,ru
звезда,ru
утка,ru
long,en
way,en
кожа,ru
great,en
"hg,l.eb",ru_wrong
мозг,ru
вечер,ru
early,en
храбрый,ru
us,en
hour,en
bhjlum,ru_wrong
at,en
look,en
large,en
но,ru
us,en
power,en
an,en
which,en
skirt,en
утро,ru
make,en
by,en
язык,ru
look,en
hy'klm',ru_wrong
long,en
rust,en
but,en
a,en
земля,ru
big,en
either,en
admin rights,en
next,en
next,en
door,en
небо,ru
друг,ru
need,en
top,en
tell,en
team,en
и,ru
пальто,ru
after,en
должен,ru
холодный,ru
me,en
чистый,ru
сухой,ru
last,en
other,en
кость,ru
own,en
year,en
issue,en
лететь,ru
c.;lrl,ru_wrong
use,en
волос,ru
take,en
дождь,ru
рука,ru
girl,en
large,en
cucumber,en
"e,kl",ru_wrong
find,en
сервер,ru
two,en
рот,ru
we,en
светлый,ru
what,en
that,en
год,ru
с,ru
year,en
белый,ru
make,en
вода,ru
use,en
so,en
now,en
health,en
ветер,ru
for,en
нельзя,ru
input method,en
грязный,ru
маленький,ru
можно,ru
есть,ru
like,en
want,en
our,en
just,en
стать,ru
most,en
rest,en
хотеть,ru
",khyb",ru_wrong
говорить,ru
think,en
with,en
parent,en
мы,ru
moment,en
one,en
трусливый,ru
короткий,ru
good,en
new,en
город,ru
html,en
use,en
[lklil,ru_wrong
p;lq,ru_wrong
zhbnmy,ru_wrong
";eyyfq bgt,",ru_wrong
сухой,ru
нужно,ru
take,en
спать,ru
the,en
важно,ru
ask,en
говорить,ru
mango,en
"nёk,gfq",ru_wrong
them,en
чистый,ru
хотеть,ru
there,en
эксэмэль,ru
я,ru
guy,en
will,en
;hqn,ru_wrong
салат,ru
say,en
party,en
war,en
how,en
your,en
come,en
long,en
an,en
singing,en
ухо,ru
мозг,ru
[kh.kfq,ru_wrong
смелый,ru
kid,en
or,en
видеть,ru
вода,ru
want,en
тёплый,ru
early,en
see,en
can,en
any,en
btkgtk,ru_wrong
мёртвый,ru
уродливый,ru
сидеть,ru
плохо,ru
медленный,ru
art,en
art,en
reason,en
his,en
высокий,ru
how,en
но,ru
холодный,ru
one,en
kind,en
friend,en
tell,en
длинный,ru
что нового,ru
to,en
there,en
тусклый,ru
do,en
".f,ь",ru_wrong
education,en
bicycle,en
she,en
прохладный,ru
j;l[l,ru_wrong
хотеть,ru
ненавидеть,ru
number,en
три,ru
rmgm,ru_wrong
me,en
нога,ru
could,en
;mnly,ru_wrong
гусь,ru
know,en
ненавидеть,ru
солнце,ru
храбрый,ru
i;cjh,ru_wrong
жёлтый,ru
for,en
make,en
for,en
will,en
first,en
well,en
if,en
лететь,ru
teacher,en
рука,ru
find,en
глупый,ru
день,ru
war,en
change,en
новый,ru
work,en
вы,ru
not,en
say,en
море,ru
who,en
carrot,en
one,en
what,en
и,ru
small,en
белый,ru
history,en
you,en
есть,ru
думать,ru
know,en
ехать,ru
is,en
that,en
make,en
здоровый,ru
would,en
wbb,ru_wrong
богатый,ru
kid,en
вода,ru
other,en
маленький,ru
nt';tyyfq,ru_wrong
force,en
world,en
how,en
gktnc,ru_wrong
early,en
";tzh,ь",ru_wrong
your,en
который,ru
that,en
by,en
себя,ru
high,en
поле,ru
бедный,ru
name,en
mouse,en
яркий,ru
kid,en
use,en
мёртвый,ru
issue,en
when,en
because,en
all,en
слышать,ru
us,en
kind,en
зуб,ru
жёлтый,ru
game,en
цсс,ru
хотеть,ru
just,en
смелый,ru
дневной свет,ru
art,en
printer,en
.ekutk,ru_wrong
think,en
seem,en
cloudy,en
ckrmq,ru_wrong
little,en
красивый,ru
house,en
звезда,ru
нога,ru
поле,ru
гора,ru
neither,en
солнце,ru
look,en
of,en
",keb;mgfq",ru_wrong
out,en
старый,ru
large,en
стать,ru
them,en
они,ru
рассвет,ru
они,ru
her,en
help,en
next,en
well,en
scarf,en
different,en
its,en
любить,ru
",ёj;fq",ru_wrong
this,en
president,en
плыть,ru
"[l,t,ь",ru_wrong
back,en
baseball,en
весь,ru
она,ru
плохо,ru
душа,ru
come,en
больной,ru
кровь,ru
and,en
сильный,ru
кровь,ru
since,en
will,en
side,en
give,en
find,en
жизнь,ru
алгоритм,ru
power,en
way,en
j[j,ru_wrong
должен,ru
это,ru
фиолетовый,ru
person,en
or,en
живой,ru
change,en
or,en
сидеть,ru
спать,ru
закат,ru
важно,ru
out,en
make,en
member,en
from,en
ухо,ru
other,en
early,en
me,en
use,en
тёплый,ru
ананас,ru
земля,ru
after,en
problem,en
important,en
guava,en
пицца,ru
new,en
moment,en
".hk[h,wf",ru_wrong
game,en
огонь,ru
же,ru
call,en
пиво,ru
research,en
as,en
head,en
не,ru
reason,en
be[lq,ru_wrong
body,en
run,en
который,ru
lavender,en
try,en
глупый,ru
hour,en
problem,en
seem,en
нос,ru
on,en
море,ru
холодный,ru
чёрный,ru
see,en
язык,ru
"jlymnh,ь",ru_wrong
расти,ru
large,en
живой,ru
i,en
what,en
member,en
information,en
hat,en
холодный,ru
see,en
уродливый,ru
education,en
leave,en
информатика,ru
then,en
сила,ru
most,en
others,en
say,en
они,ru
member,en
father,en
медленный,ru
она,ru
"v,l",ru_wrong
little,en
делать,ru
a,en
use,en
call,en
волос,ru
in,en
гора,ru
зуб,ru
мёртвый,ru
надо,ru
ветер,ru
дорога,ru
сердце,ru
important,en
say,en
бедный,ru
хорошо,ru
лиса,ru
работа,ru
дождь,ru
маргаритка,ru
want,en
you,en
that,en
information,en
country,en
язык,ru
чёрный,ru
world,en
take,en
air,en
себя,ru
душа,ru
с,ru
name,en
жизнь,ru
рок,ru
случай,ru
уродливый,ru
лук,ru
code review,en
я,ru
луна,ru
"c[,h",ru_wrong
reason,en
no,en
язык,ru
сердце,ru
красивый,ru
line,en
лунный свет,ru
see,en
great,en
чистый,ru
i am fine,en
bm;h,ru_wrong
idea,en
great,en
give,en
people,en
over,en
large,en
work,en
its,en
tell,en
a,en
высокий,ru
i,en
see,en
богатый,ru
like,en
party,en
сердце,ru
back,en
на,ru
but,en
этот,ru
leave,en
танцы,ru
глаз,ru
понимать,ru
problem,en
злой,ru
level,en
вы,ru
would,en
there,en
way,en
храбрый,ru
маленький,ru
work,en
лежать,ru
stay safe,en
делать,ru
огонь,ru
в,ru
it,en
"nhyulb,my",ru_wrong
тусклый,ru
you,en
kind,en
маленький,ru
должен,ru
это,ru
на,ru
больной,ru
login,en
issue,en
самолёт,ru
"rlkl,rmq",ru_wrong
think,en
house,en
грязный,ru
злой,ru
why,en
богатый,ru
new,en
нельзя,ru
здоровый,ru
teacher,en
first,en
life,en
when,en
face,en
пить,ru
отладка,ru
programming is fun,en
"jlv,h",ru_wrong
они,ru
понимать,ru
нужно,ru
make,en
ul',ru_wrong
понимать,ru
celery,en
use,en
face,en
'fyc,ru_wrong
different,en
живой,ru
because,en
город,ru
'tyь,ru_wrong
хотеть,ru
own,en
в,ru
same,en
she,en
e.tk,ru_wrong
just,en
разработка программного обеспечения,ru
звезда,ru
человек,ru
give,en
tell,en
себя,ru
work,en
можно,ru
тело,ru
закат,ru
want,en
я,ru
they,en
нога,ru
day,en
spell checker,en
не,ru
at,en
потому,ru
research,en
as,en
плохо,ru
life,en
ночь,ru
kid,en
случай,ru
no,en
лошадь,ru
know,en
when,en
important,en
two,en
two,en
.hyhy,ru_wrong
help,en
make,en
to,en
see,en
taxi,en
girl,en
надо,ru
its,en
that,en
what,en
her,en
new,en
all,en
"j,mwh",ru_wrong
health,en
head,en
of,en
;mwl,ru_wrong
снег,ru
feel,en
my,en
about,en
который,ru
sunshine,en
face,en
work,en
good,en
no,en
look,en
change,en
который,ru
its,en
слышать,ru
быстрый,ru
art,en
see,en
house,en
it,en
she,en
голова,ru
who,en
city,en
up,en
make,en
i,en
last,en
виндоус,ru
добрый,ru
в,ru
hardware,en
community,en
high,en
uebь,ru_wrong
in,en
think,en
понимать,ru
any,en
father,en
know,en
potato,en
old,en
can,en
язык,ru
leave,en
умный,ru
ptn;c,ru_wrong
ты,ru
стоять,ru
ymprmq,ru_wrong
most,en
president,en
if,en
which,en
power,en
кожа,ru
глаз,ru
лицо,ru
идти,ru
солнце,ru
name,en
но,ru
want,en
любить,ru
",hywf",ru_wrong
друг,ru
весь,ru
машина,ru
красный,ru
это,ru
рука,ru
белый,ru
come,en
звезда,ru
person,en
говорить,ru
name,en
небо,ru
right,en
health,en
find,en
first,en
nfiь,ru_wrong
kind,en
не,ru
lkhyztgfq,ru_wrong
поле,ru
beim,ru_wrong
find,en
лицо,ru
футбол,ru
знать,ru
other,en
бежать,ru
end,en
high,en
мочь,ru
way,en
issue,en
работа,ru
быть,ru
although,en
out,en
бедный,ru
last,en
кожа,ru
see,en
people,en
в,ru
ли,ru
море,ru
use,en
"jhb,ь",ru_wrong
idea,en
old,en
your,en
own,en
reason,en
печенье,ru
сильный,ru
law,en
ухо,ru
so,en
house,en
хотеть,ru
фиолетовый,ru
мочь,ru
на,ru
help,en
even,en
after,en
".tpljhbylb,ь",ru_wrong
пить,ru
высокий,ru
а,ru
нельзя,ru
нос,ru
from,en
same,en
research,en
a,en
now,en
work,en
видеть,ru
his,en
должен,ru
джаз,ru
information,en
сообщение,ru
кость,ru
метро,ru
game,en
up,en
morning,en
head,en
b,ru_wrong
early,en
power,en
duck,en
пусть,ru
other,en
который,ru
тёмный,ru
длинный,ru
мозг,ru
well,en
j;hghymt,ru_wrong
side,en
world,en
her,en
tell,en
zmpyь,ru_wrong
you,en
them,en
level,en
good,en
help,en
сила,ru
здоровый,ru
сила,ru
тёмный,ru
хорошо,ru
give,en
мочь,ru
new,en
an,en
сидеть,ru
sheep,en
change,en
all,en
сухо,ru
call,en
губа,ru
'keu,ru_wrong
help,en
word,en
оранжевый,ru
p'lklgfq,ru_wrong
]ekuly,ru_wrong
"bgm],",ru_wrong
art,en
car,en
синий,ru
so,en
rkhbyfq,ru_wrong
door,en
car,en
и,ru
now,en
работа,ru
or,en
develop,en
you,en
day,en
we,en
большой,ru
right,en
if,en
new,en
not much,en
торт,ru
мой,ru
ты,ru
себя,ru
just,en
think,en
if,en
хотеть,ru
слабый,ru
пить,ru
they,en
last,en
work,en
when,en
wherever,en
пользователь,ru
result,en
любить,ru
with,en
dusk,en
красивый,ru
стать,ru
by,en
хорошо,ru
новый,ru
день,ru
больной,ru
all,en
on,en
снег,ru
your,en
moment,en
огонь,ru
можно,ru
foggy,en
back,en
then,en
day,en
бежать,ru
her,en
грязный,ru
power,en
door,en
и,ru
важно,ru
яркий,ru
нфт,ru
стоять,ru
its,en
хорошо,ru
one,en
history,en
я,ru
problem,en
но,ru
смелый,ru
can,en
say,en
back,en
information,en
force,en
well,en
able,en
глаз,ru
give,en
result,en
word,en
весь,ru
".hbrt,.l;",ru_wrong
".tzh,ь",ru_wrong
кость,ru
he,en
пасть,ru
ночь,ru
passionfruit,en
know,en
could,en
nhimyh,ru_wrong
роза,ru
guy,en
know,en
our,en
see,en
расти,ru
pizza,en
make,en
year,en
line,en
work,en
think,en
ask,en
name,en
in,en
море,ru
рука,ru
think,en
лицо,ru
друг,ru
слабый,ru
грязный,ru
yt.l,ru_wrong
зелёный,ru
по,ru
jhkl;ь,ru_wrong
большой,ru
go,en
должен,ru
cap,en
in,en
take,en
phone,en
health,en
мочь,ru
наука о данных,ru
guy,en
can,en
back,en
слабый,ru
business,en
even,en
яркий,ru
ask,en
any,en
cake,en
day,en
side,en
stormy,en
но,ru
not,en
жёлтый,ru
а,ru
same,en
their,en
добрый,ru
few,en
teacher,en
"uh;b,er",ru_wrong
think,en
добрый,ru
сильный,ru
у,ru
president,en
но,ru
back,en
girl,en
wet,en
говорить,ru
лишь,ru
ь,ru
people,en
at,en
"'enh,ь",ru_wrong
her,en
come,en
jkl[;h'yfq,ru_wrong
your,en
nh;tyьrmq,ru_wrong
человек,ru
что,ru
не,ru
power,en
старый,ru
not,en
киви,ru
'eih,ru_wrong
way,en
ненавидеть,ru
апи,ru
try,en
хотеть,ru
мы,ru
one,en
when,en
обучение,ru
than,en
андроид,ru
шпинат,ru
сухой,ru
basketball,en
утро,ru
любить,ru
and,en
идти,ru
for,en
luektw,ru_wrong
отчего,ru
rtjrh,ru_wrong
father,en
us,en
up,en
idea,en
вайфай,ru
хорошо,ru
они,ru
го,ru
трусливый,ru
большой,ru
have,en
new,en
look,en
любить,ru
css,en
сильный,ru
be,en
rlirh,ru_wrong
find,en
these,en
his,en
с,ru
person,en
bad,en
of,en
гора,ru
они,ru
смелый,ru
рот,ru
i,en
community,en
able,en
lily,en
молодой,ru
;myerb,ru_wrong
язык,ru
тепло,ru
сильный,ru
young,en
boy,en
храбрый,ru
president,en
office,en
ul,ru_wrong
mangosteen,en
service,en
an,en
time,en
find,en
goose,en
into,en
ul;lgh,ru_wrong
который,ru
здоровый,ru
ты,ru
body,en
должен,ru
мокрый,ru
as,en
boy,en
with,en
though,en
or,en
what,en
лежать,ru
few,en
use,en
business,en
her,en
make,en
others,en
смелый,ru
air,en
зелёный,ru
come,en
number,en
same,en
;lih'ь,ru_wrong
air,en
утро,ru
guy,en
but,en
рука,ru
house,en
случай,ru
berry,en
use,en
the,en
злой,ru
community,en
тёплый,ru
но,ru
земля,ru
which,en
into,en
нос,ru
father,en
history,en
рука,ru
яркий,ru
jl,ru_wrong
this,en
head,en
tell,en
see,en
how,en
car,en
their,en
year,en
добрый,ru
great,en
по,ru
his,en
мы,ru
рука,ru
вечер,ru
on,en
nlvь,ru_wrong
огурец,ru
сухой,ru
from,en
office,en
быть,ru
говорить,ru
сердце,ru
нога,ru
own,en
случай,ru
guy,en
идти,ru
too,en
идти,ru
few,en
быстрый,ru
can,en
face,en
windy,en
",tj;l",ru_wrong
он,ru
делать,ru
трусливый,ru
голова,ru
он,ru
hiphop,en
teacher,en
only,en
his,en
monitor,en
me,en
there,en
богатый,ru
the,en
hjm,ru_wrong
these,en
back,en
глаз,ru
take,en
first,en
мозг,ru
a,en
оранжевый,ru
"j;f,ь",ru_wrong
so,en
and,en
be,en
красивый,ru
can,en
warm,en
level,en
сон,ru
change,en
database,en
суши,ru
человек,ru
php,en
bad,en
first,en
"ijmyh,",ru_wrong
little,en
would,en
рука,ru
год,ru
over,en
расти,ru
friend,en
нужно,ru
нельзя,ru
tell,en
out,en
понимать,ru
апельсин,ru
город,ru
text input,en
мочь,ru
jazz,en
ненавидеть,ru
car,en
тусклый,ru
president,en
and,en
whose,en
result,en
they,en
door,en
мы,ru
трусливый,ru
after,en
him,en
research,en
время,ru
next,en
important,en
нужно,ru
some,en
side,en
little,en
на,ru
no,en
that,en
чёрный,ru
we,en
preferences,en
be,en
business,en
also,en
this,en
give,en
",t[yl",ru_wrong
research,en
голова,ru
rl',ru_wrong
we,en
вы,ru
ask,en
also,en
no,en
an,en
мозг,ru
"m',m",ru_wrong
you,en
тусклый,ru
вишня,ru
first,en
добрый,ru
вы,ru
and,en
because,en
пение,ru
классика,ru
guy,en
жёлтый,ru
history,en
много,ru
girl,en
information,en
работа,ru
волк,ru
свёкла,ru
больной,ru
over,en
нога,ru
сильный,ru
no,en
море,ru
community,en
знать,ru
our,en
because,en
тот,ru
way,en
sit,en
tie,en
you,en
ненавидеть,ru
гора,ru
светлый,ru
force,en
vhq,ru_wrong
сильный,ru
дорога,ru
computer,en
ни,ru
find,en
house,en
use,en
кость,ru
into,en
on,en
пить,ru
лицо,ru
сердце,ru
друг,ru
ухо,ru
утро,ru
any,en
прохладный,ru
мочь,ru
'l;zty,ru_wrong
public,en
транс,ru
пиджак,ru
level,en
в,ru
кровь,ru
over,en
tell,en
ехать,ru
beet,en
of,en
how,en
she,en
однако,ru
пить,ru
war,en
зуб,ru
commit changes,en
merge the branch,en
change,en
храбрый,ru
yacht,en
a,en
parent,en
jkhgh,ru_wrong
air,en
first,en
новый,ru
голова,ru
pasta,en
laptop,en
богатый,ru
macos,en
old,en
number,en
volleyball,en
little,en
year,en
сердце,ru
хотеть,ru
back,en
body,en
as,en
find,en
think,en
"bh;h,",ru_wrong
person,en
after,en
any,en
neural,en
house,en
[lrrtq,ru_wrong
трусливый,ru
other,en
ilrl;h',ru_wrong
hqlb,ru_wrong
so,en
с,ru
boat,en
so,en
cold,en
service,en
come,en
рот,ru
тело,ru
game,en
gloves,en
house,en
низкий,ru
running,en
по,ru
them,en
дорога,ru
на,ru
длинный,ru
what,en
управление базами данных,ru
это,ru
злой,ru
облачные вычисления,ru
год,ru
it,en
что,ru
his,en
team,en
нельзя,ru
health,en
boy,en
body,en
"e,kl",ru_wrong
бедный,ru
нельзя,ru
her,en
светлый,ru
вы,ru
не,ru
docker,en
"[,n;",ru_wrong
питон,ru
ask,en
ты,ru
кровь,ru
я,ru
war,en
new,en
друг,ru
no,en
truck,en
чёрный,ru
know,en
ехать,ru
h'ktb,ru_wrong
несмотря,ru
idea,en
life,en
bytu,ru_wrong
member,en
что,ru
control,en
head,en
seem,en
when,en
рука,ru
minute,en
team,en
which,en
try,en
first,en
грязный,ru
говорить,ru
friend,en
these,en
web,en
lettuce,en
не,ru
ghq]hq,ru_wrong
глупый,ru
снег,ru
force,en
artificial,en
change,en
year,en
дом,ru
good,en
number,en
красивый,ru
make,en
тем,ru
чистый,ru
others,en
an,en
фиолетовый,ru
we,en
слабый,ru
be,en
i,en
можно,ru
себя,ru
team,en
noodle,en
бедный,ru
body,en
дымно,ru
понимать,ru
язык,ru
разработка,ru
help,en
important,en
our,en
быстрый,ru
бежать,ru
new,en
your,en
ios,en
football,en
картофель,ru
год,ru
cherry,en
few,en
'tyь,ru_wrong
own,en
not,en
если,ru
which,en
быстрый,ru
also,en
one,en
as,en
yt;ьpc,ru_wrong
business,en
whatever,en
дорога,ru
most,en
an,en
war,en
into,en
тёплый,ru
his,en
сила,ru
быстрый,ru
к,ru
чеснок,ru
ехать,ru
seem,en
make,en
сидеть,ru
сон,ru
они,ru
стать,ru
after,en
длинный,ru
think,en
good,en
расти,ru
можно,ru
service,en
плыть,ru
you,en
not,en
force,en
trance,en
сон,ru
работа,ru
i,en
нельзя,ru
хорошо,ru
лететь,ru
need,en
on,en
gfblrmq,ru_wrong
;l'rh,ru_wrong
office,en
go,en
умный,ru
could,en
пока,ru
public,en
he,en
year,en
"tb,ь",ru_wrong
'fnyl,ru_wrong
u;ejfq,ru_wrong
звезда,ru
with,en
город,ru
her,en
back,en
head,en
слышать,ru
just,en
маленький,ru
мокрый,ru
",e];m",ru_wrong
coconut,en
",ebr;fq",ru_wrong
спать,ru
человек,ru
знать,ru
знать,ru
robot,en
лицо,ru
line,en
земля,ru
person,en
early,en
go,en
менее,ru
лодка,ru
to,en
both,en
admin,en
not,en
as,en
good,en
сила,ru
стоять,ru
спать,ru
even,en
cul'rh,ru_wrong
зелёный,ru
all,en
if,en
president,en
rock,en
algorithm,en
ylvь,ru_wrong
whenever,en
big,en
zhkrl,ru_wrong
поле,ru
работа,ru
water,en
end,en
мочь,ru
see,en
long,en
по,ru
over,en
луна,ru
расти,ru
тусклый,ru
ask,en
air,en
as,en
want,en
service,en
зуб,ru
небо,ru
фиолетовый,ru
which,en
дождь,ru
"t[h,ь",ru_wrong
minute,en
белый,ru
время,ru
красивый,ru
in,en
уж,ru
важно,ru
its,en
кожа,ru
рука,ru
result,en
кожа,ru
душа,ru
